{
  "instances": [
    { "MedInc": 8.3252, "AveRooms": 6.984127, "AveOccup": 2.555556 },
    { "MedInc": 7.2574, "AveRooms": 8.288136, "AveOccup": 2.802260 }
  ]
}